PID,TID,DevId,Count,QCount,TAvg (ns),TMed (ns),TMin (ns),TMax (ns),TStdDev (ns),AAvg (ns),AMed (ns),AMin (ns),AMax (ns),AStdDev (ns),QAvg (ns),QMed (ns),QMin (ns),QMax (ns),QStdDev (ns),KAvg (ns),KMed (ns),KMin (ns),KMax (ns),KStdDev (ns),API Name,Kernel Name
3762740,3762740,0,13,12,5066682.7,4347785.0,1018966,10671613,3325329.8,19488.5,2320.0,1910,223530,61309.6,4320638.4,3835223.5,2625,9656394,3276442.2,1059012.6,1012894.0,1010205,1327965,113359.6,cudaLaunchKernel,"<unnamed>::packed_attention_bf16_kernel(const __nv_bfloat16 *, const __nv_bfloat16 *, const __nv_bfloat16 *, __nv_bfloat16 *, const int *, const int *, long, long, long, long, long, long, long, long, int, int, int, int, float, bool)"
3762740,3762740,0,1,0,2737069.0,2737069.0,2737069,2737069,0.0,2737069.0,2737069.0,2737069,2737069,0.0,,,,,0.0,1408.0,1408.0,1408,1408,0.0,cudaLaunchKernel,"void at::native::unrolled_elementwise_kernel<at::native::CUDAFunctor_add<int>, std::array<char *, (unsigned long)3>, (int)4, TrivialOffsetCalculator<(int)2, unsigned int>, TrivialOffsetCalculator<(int)1, unsigned int>, at::native::memory::LoadWithoutCast, at::native::memory::StoreWithoutCast>(int, T1, T2, T4, T5, T6, T7)"
3762740,3762740,0,4,4,748143.5,29163.5,20579,2913668,1443703.8,709592.5,4815.0,3390,2825350,1410505.2,16167.3,11314.5,2009,40031,18088.8,22383.8,13888.0,13472,48287,17270.7,cudaLaunchKernel,"void at::native::reduce_kernel<(int)512, (int)1, at::native::ReduceOp<float, at::native::func_wrapper_t<float, at::native::sum_functor<float, float, float>::operator ()(at::TensorIterator &)::[lambda(float, float) (instance 1)]>, unsigned int, float, (int)4, (int)4>>(T3)"
3762740,3762740,0,13,12,312164.7,254590.0,100766,678085,205185.0,4904.6,2390.0,1800,22860,6222.5,233674.0,195441.0,421,583541,206114.6,91586.2,92160.0,82656,94112,2839.8,cuLaunchKernelEx,_packed_attention_forward_kernel
3762740,3762740,0,3,3,189219.7,35365.0,33658,498636,267963.8,134543.7,5590.0,3900,394141,224819.5,27316.0,2270.0,2095,77583,43532.6,27360.0,27488.0,26912,27680,399.7,cudaLaunchKernel,"void at::native::<unnamed>::distribution_elementwise_grid_stride_kernel<float, (int)4, void at::native::templates::cuda::normal_and_transform<c10::BFloat16, float, at::CUDAGeneratorImpl *, void at::native::templates::cuda::normal_kernel<at::CUDAGeneratorImpl *>(const at::TensorBase &, double, double, T1)::[lambda() (instance 1)]::operator ()() const::[lambda() (instance 4)]::operator ()() const::[lambda(float) (instance 1)]>(at::TensorIteratorBase &, T3, T4)::[lambda(curandStatePhilox4_32_10 *) (instance 2)], void at::native::<unnamed>::distribution_nullary_kernel<c10::BFloat16, float, float4, at::CUDAGeneratorImpl *, void at::native::templates::cuda::normal_and_transform<c10::BFloat16, float, at::CUDAGeneratorImpl *, void at::native::templates::cuda::normal_kernel<at::CUDAGeneratorImpl *>(const at::TensorBase &, double, double, T1)::[lambda() (instance 1)]::operator ()() const::[lambda() (instance 4)]::operator ()() const::[lambda(float) (instance 1)]>(at::TensorIteratorBase &, T3, T4)::[lambda(curandStatePhilox4_32_10 *) (instance 2)], void at::native::templates::cuda::normal_kernel<at::CUDAGeneratorImpl *>(const at::TensorBase &, double, double, T1)::[lambda() (instance 1)]::operator ()() const::[lambda() (instance 4)]::operator ()() const::[lambda(float) (instance 1)]>(at::TensorIteratorBase &, T4, const T5 &, T6)::[lambda(int, float) (instance 1)]>(long, at::PhiloxCudaState, T3, T4)"
3762740,3762740,0,1573,1571,22766.6,9715.0,8511,582584,53096.1,2181.2,2040.0,1880,6890,409.1,15238.3,2201.0,127,575020,53114.1,5368.2,5376.0,5311,7008,59.6,cudaLaunchKernel,"void magma_sgemmEx_kernel<float, float, float, (bool)0, (bool)0, (int)6, (int)3, (int)5, (int)3, (int)3>(int, int, int, BatchedTensor, int, BatchedTensor, int, BatchedTensor, int, BatchedTensor, int, int, int, const T1 *, const T1 *, T1, T1, int, cublasLtEpilogue_t, int, const void *, long)"
3762740,3762740,0,1573,1565,22236.0,8939.0,7788,607366,53336.6,2229.0,2110.0,1940,20750,596.3,15497.2,2179.0,821,599636,53458.5,4591.8,4576.0,4512,6816,68.1,cudaLaunchKernel,"void magma_sgemmEx_kernel<float, float, float, (bool)1, (bool)0, (int)6, (int)4, (int)6, (int)3, (int)4>(int, int, int, BatchedTensor, int, BatchedTensor, int, BatchedTensor, int, BatchedTensor, int, int, int, const T1 *, const T1 *, T1, T1, int, cublasLtEpilogue_t, int, const void *, long)"
3762740,3762740,0,1872,1872,21511.7,6145.0,4924,2732216,81440.9,3678.9,2120.0,1960,2701829,62395.5,16162.0,2238.0,923,592572,51971.1,1670.8,1696.0,1376,2240,69.9,cudaLaunchKernel,"void at::native::reduce_kernel<(int)512, (int)1, at::native::ReduceOp<bool, at::native::func_wrapper_t<bool, at::native::and_kernel_cuda(at::TensorIterator &)::[lambda() (instance 1)]::operator ()() const::[lambda() (instance 12)]::operator ()() const::[lambda(bool, bool) (instance 1)]>, unsigned int, bool, (int)4, (int)4>>(T3)"
3762740,3762740,0,1573,1571,20953.2,5470.0,4281,2574398,84138.9,3741.4,2010.0,1840,2574398,64857.6,16111.2,2271.0,815,600294,54148.1,1121.9,1120.0,1088,5568,113.5,cudaLaunchKernel,"void <unnamed>::softmax_warp_forward<float, float, float, (int)6, (bool)0, (bool)0>(T2 *, const T1 *, int, int, int, const bool *, int, bool)"
3762740,3762740,0,5620,5617,20841.8,7009.0,5628,2682517,62517.8,2711.5,2160.0,1890,2680059,35721.8,15582.3,2251.0,210,541444,51458.9,2556.6,2528.0,2272,52320,1064.0,cudaLaunchKernel,"void at::native::unrolled_elementwise_kernel<at::native::direct_copy_kernel_cuda(at::TensorIteratorBase &)::[lambda() (instance 3)]::operator ()() const::[lambda() (instance 7)]::operator ()() const::[lambda(float) (instance 1)], std::array<char *, (unsigned long)2>, (int)4, TrivialOffsetCalculator<(int)1, unsigned int>, TrivialOffsetCalculator<(int)1, unsigned int>, at::native::memory::LoadWithCast<(int)1>, at::native::memory::StoreWithCast<(int)1>>(int, T1, T2, T4, T5, T6, T7)"
3762740,3762740,0,1872,1872,20714.2,5287.0,3893,2995435,86469.6,3760.0,2070.0,1840,2958790,68335.4,16101.5,2283.5,875,597162,52380.6,852.6,864.0,800,5440,107.7,cudaLaunchKernel,"void at::native::vectorized_elementwise_kernel<(int)4, at::native::<unnamed>::isneginf_kernel_impl(at::TensorIteratorBase &)::[lambda() (instance 1)]::operator ()() const::[lambda() (instance 2)]::operator ()() const::[lambda(float) (instance 1)], std::array<char *, (unsigned long)2>>(int, T2, T3)"
3762740,3762740,0,1872,1871,19659.8,6182.0,4908,565496,51085.0,2299.4,2180.0,2010,22290,607.0,15688.2,2220.0,899,561310,51103.0,1681.5,1696.0,1536,1856,33.4,cudaLaunchKernel,"void at::native::elementwise_kernel<(int)128, (int)4, void at::native::gpu_kernel_impl_nocast<at::native::direct_copy_kernel_cuda(at::TensorIteratorBase &)::[lambda() (instance 3)]::operator ()() const::[lambda() (instance 12)]::operator ()() const::[lambda(c10::BFloat16) (instance 1)]>(at::TensorIteratorBase &, const T1 &)::[lambda(int) (instance 1)]>(int, T3)"
3762740,3762740,0,1872,1870,19377.5,5135.0,3709,1221554,58413.5,2706.8,1950.0,1810,1221554,28187.9,15919.7,2336.0,48,589266,51407.8,768.9,768.0,736,864,16.6,cudaLaunchKernel,"void at::native::vectorized_elementwise_kernel<(int)4, at::native::FillFunctor<float>, std::array<char *, (unsigned long)1>>(int, T2, T3)"
3762740,3762740,0,1872,1872,19145.2,5626.0,4471,589794,52525.6,2194.9,2080.0,1880,17950,501.2,15638.6,2159.0,783,586322,52507.0,1311.7,1312.0,1248,5472,100.5,cudaLaunchKernel,"void at::native::elementwise_kernel<(int)128, (int)2, void at::native::gpu_kernel_impl_nocast<at::native::<unnamed>::where_kernel_impl(at::TensorIterator &)::[lambda() (instance 1)]::operator ()() const::[lambda() (instance 11)]::operator ()() const::[lambda(bool, float, float) (instance 1)]>(at::TensorIteratorBase &, const T1 &)::[lambda(int) (instance 1)]>(int, T3)"
3762740,3762740,0,286,286,19128.5,6206.5,4866,220001,38553.5,2320.2,2160.0,1920,24630,1363.9,15089.9,2300.5,842,216103,38438.6,1718.5,1728.0,1663,1856,22.7,cudaLaunchKernel,"void gemmSN_TN_kernel<float, (int)128, (int)16, (int)2, (int)4, (int)8, (int)9, (bool)0, cublasGemvTensorStridedBatched<const float>, cublasGemvTensorStridedBatched<const float>, cublasGemvTensorStridedBatched<float>>(cublasGemmSmallNParams<T9, T10, T11, T1>)"
3762740,3762740,0,3744,3744,18986.5,5215.0,3940,1271811,54611.7,2411.4,1985.5,1790,1270734,20735.7,15717.8,2308.0,16,533914,50638.0,857.3,864.0,800,1024,17.4,cudaLaunchKernel,"void at::native::vectorized_elementwise_kernel<(int)4, at::native::AUnaryFunctor<float, float, float, at::native::binary_internal::MulFunctor<float>>, std::array<char *, (unsigned long)2>>(int, T2, T3)"
3762740,3762740,0,3744,3744,18982.5,5391.0,3896,585132,52239.2,2073.9,1970.0,1780,11400,352.2,16067.0,2466.0,715,582410,52234.4,841.6,832.0,800,6048,87.6,cudaLaunchKernel,"void at::native::vectorized_elementwise_kernel<(int)4, at::native::bfloat16_copy_kernel_cuda(at::TensorIteratorBase &)::[lambda(float) (instance 1)], std::array<char *, (unsigned long)2>>(int, T2, T3)"
3762740,3762740,0,299,299,18824.2,6213.0,4732,227777,38242.3,2224.8,2080.0,1880,5630,413.3,14778.9,2197.0,1190,223707,38253.6,1820.5,1856.0,1280,2080,111.6,cudaLaunchKernel,"void gemmSN_NN_kernel<float, (int)256, (int)4, (int)2, (int)8, (int)4, (int)4, (bool)0, cublasGemvTensorStridedBatched<const float>, cublasGemvTensorStridedBatched<const float>, cublasGemvTensorStridedBatched<float>>(cublasGemmSmallNParams<T9, T10, T11, T1>)"
3762740,3762740,0,286,286,18156.3,5407.0,4469,216103,37813.6,2151.7,2010.0,1840,11380,668.7,14975.4,2306.0,392,213149,37863.3,1029.3,1024.0,992,1056,15.5,cudaLaunchKernel,"void <unnamed>::softmax_warp_forward<float, float, float, (int)4, (bool)0, (bool)0>(T2 *, const T1 *, int, int, int, const bool *, int, bool)"
3762740,3762740,0,1872,1872,16481.8,9233.0,7708,260376,29341.6,2125.9,2010.0,1890,12050,465.7,9433.9,2186.0,468,253082,29326.0,4921.9,4928.0,4383,5600,228.0,cudaLaunchKernel,"void pytorch_flash::flash_fwd_kernel<Flash_fwd_kernel_traits<(int)96, (int)128, (int)64, (int)4, (bool)0, (bool)0, cutlass::bfloat16_t, Flash_kernel_traits<(int)96, (int)128, (int)64, (int)4, cutlass::bfloat16_t>>, (bool)0, (bool)0, (bool)0, (bool)0, (bool)0, (bool)0, (bool)0, (bool)0>(pytorch_flash::Flash_fwd_params)"
3762740,3762740,0,13,13,7486.2,5382.0,5172,15679,4043.4,2877.1,2300.0,1960,10191,2219.9,3636.8,2215.0,1644,12347,3731.5,972.3,960.0,960,992,16.2,cudaLaunchKernel,"void <unnamed>::softmax_warp_forward<float, float, float, (int)2, (bool)0, (bool)0>(T2 *, const T1 *, int, int, int, const bool *, int, bool)"
3762740,3762740,0,13,13,6357.3,6182.0,5954,7075,366.8,2334.6,2170.0,2070,3050,310.5,2412.8,2412.0,2204,2599,106.5,1609.8,1600.0,1600,1632,15.4,cudaLaunchKernel,"void gemmSN_TN_kernel<float, (int)128, (int)16, (int)2, (int)4, (int)4, (int)4, (bool)1, cublasGemvTensorStridedBatched<const float>, cublasGemvTensorStridedBatched<const float>, cublasGemvTensorStridedBatched<float>>(cublasGemmSmallNParams<T9, T10, T11, T1>)"
