NVTX Range,Style,PID,TID,NVTX Inst,Kern Inst,Total Time (ns),Avg (ns),Med (ns),Min (ns),Max (ns),StdDev (ns),Kernel Name
,,3762740,3762740,0,1300,3445139,2650.1,2528.0,2272,52320,2194.3,"void at::native::unrolled_elementwise_kernel<at::native::direct_copy_kernel_cuda(at::TensorIteratorBase &)::[lambda() (instance 3)]::operator ()() const::[lambda() (instance 7)]::operator ()() const::[lambda(float) (instance 1)], std::array<char *, (unsigned long)2>, (int)4, TrivialOffsetCalculator<(int)1, unsigned int>, TrivialOffsetCalculator<(int)1, unsigned int>, at::native::memory::LoadWithCast<(int)1>, at::native::memory::StoreWithCast<(int)1>>(int, T1, T2, T4, T5, T6, T7)"
,,3762740,3762740,0,3,3035096,1011698.7,1011997.0,1010205,1012894,1369.1,"<unnamed>::packed_attention_bf16_kernel(const __nv_bfloat16 *, const __nv_bfloat16 *, const __nv_bfloat16 *, __nv_bfloat16 *, const int *, const int *, long, long, long, long, long, long, long, long, int, int, int, int, float, bool)"
,,3762740,3762740,0,432,2132601,4936.6,4960.0,4384,5504,230.0,"void pytorch_flash::flash_fwd_kernel<Flash_fwd_kernel_traits<(int)96, (int)128, (int)64, (int)4, (bool)0, (bool)0, cutlass::bfloat16_t, Flash_kernel_traits<(int)96, (int)128, (int)64, (int)4, cutlass::bfloat16_t>>, (bool)0, (bool)0, (bool)0, (bool)0, (bool)0, (bool)0, (bool)0, (bool)0>(pytorch_flash::Flash_fwd_params)"
,,3762740,3762740,0,363,1949371,5370.2,5376.0,5312,7008,107.2,"void magma_sgemmEx_kernel<float, float, float, (bool)0, (bool)0, (int)6, (int)3, (int)5, (int)3, (int)3>(int, int, int, BatchedTensor, int, BatchedTensor, int, BatchedTensor, int, BatchedTensor, int, int, int, const T1 *, const T1 *, T1, T1, int, cublasLtEpilogue_t, int, const void *, long)"
,,3762740,3762740,0,363,1666845,4591.9,4576.0,4512,6816,119.0,"void magma_sgemmEx_kernel<float, float, float, (bool)1, (bool)0, (int)6, (int)4, (int)6, (int)3, (int)4>(int, int, int, BatchedTensor, int, BatchedTensor, int, BatchedTensor, int, BatchedTensor, int, int, int, const T1 *, const T1 *, T1, T1, int, cublasLtEpilogue_t, int, const void *, long)"
,,3762740,3762740,0,864,740192,856.7,864.0,832,992,17.6,"void at::native::vectorized_elementwise_kernel<(int)4, at::native::AUnaryFunctor<float, float, float, at::native::binary_internal::MulFunctor<float>>, std::array<char *, (unsigned long)2>>(int, T2, T3)"
,,3762740,3762740,0,432,725887,1680.3,1696.0,1536,1760,33.3,"void at::native::elementwise_kernel<(int)128, (int)4, void at::native::gpu_kernel_impl_nocast<at::native::direct_copy_kernel_cuda(at::TensorIteratorBase &)::[lambda() (instance 3)]::operator ()() const::[lambda() (instance 12)]::operator ()() const::[lambda(c10::BFloat16) (instance 1)]>(at::TensorIteratorBase &, const T1 &)::[lambda(int) (instance 1)]>(int, T3)"
,,3762740,3762740,0,864,725533,839.7,832.0,800,1088,22.3,"void at::native::vectorized_elementwise_kernel<(int)4, at::native::bfloat16_copy_kernel_cuda(at::TensorIteratorBase &)::[lambda(float) (instance 1)], std::array<char *, (unsigned long)2>>(int, T2, T3)"
,,3762740,3762740,0,432,722013,1671.3,1696.0,1440,2240,72.2,"void at::native::reduce_kernel<(int)512, (int)1, at::native::ReduceOp<bool, at::native::func_wrapper_t<bool, at::native::and_kernel_cuda(at::TensorIterator &)::[lambda() (instance 1)]::operator ()() const::[lambda() (instance 12)]::operator ()() const::[lambda(bool, bool) (instance 1)]>, unsigned int, bool, (int)4, (int)4>>(T3)"
,,3762740,3762740,0,432,565216,1308.4,1312.0,1248,1888,38.1,"void at::native::elementwise_kernel<(int)128, (int)2, void at::native::gpu_kernel_impl_nocast<at::native::<unnamed>::where_kernel_impl(at::TensorIterator &)::[lambda() (instance 1)]::operator ()() const::[lambda() (instance 11)]::operator ()() const::[lambda(bool, float, float) (instance 1)]>(at::TensorIteratorBase &, const T1 &)::[lambda(int) (instance 1)]>(int, T3)"
,,3762740,3762740,0,363,405888,1118.1,1120.0,1088,1216,16.3,"void <unnamed>::softmax_warp_forward<float, float, float, (int)6, (bool)0, (bool)0>(T2 *, const T1 *, int, int, int, const bool *, int, bool)"
,,3762740,3762740,0,432,366816,849.1,864.0,832,1024,19.3,"void at::native::vectorized_elementwise_kernel<(int)4, at::native::<unnamed>::isneginf_kernel_impl(at::TensorIteratorBase &)::[lambda() (instance 1)]::operator ()() const::[lambda() (instance 2)]::operator ()() const::[lambda(float) (instance 1)], std::array<char *, (unsigned long)2>>(int, T2, T3)"
,,3762740,3762740,0,432,332192,769.0,768.0,736,800,15.9,"void at::native::vectorized_elementwise_kernel<(int)4, at::native::FillFunctor<float>, std::array<char *, (unsigned long)1>>(int, T2, T3)"
,,3762740,3762740,0,3,270368,90122.7,93600.0,82656,94112,6471.4,_packed_attention_forward_kernel
,,3762740,3762740,0,69,125536,1819.4,1856.0,1312,1952,107.7,"void gemmSN_NN_kernel<float, (int)256, (int)4, (int)2, (int)8, (int)4, (int)4, (bool)0, cublasGemvTensorStridedBatched<const float>, cublasGemvTensorStridedBatched<const float>, cublasGemvTensorStridedBatched<float>>(cublasGemmSmallNParams<T9, T10, T11, T1>)"
,,3762740,3762740,0,66,113504,1719.8,1728.0,1664,1856,26.5,"void gemmSN_TN_kernel<float, (int)128, (int)16, (int)2, (int)4, (int)8, (int)9, (bool)0, cublasGemvTensorStridedBatched<const float>, cublasGemvTensorStridedBatched<const float>, cublasGemvTensorStridedBatched<float>>(cublasGemmSmallNParams<T9, T10, T11, T1>)"
,,3762740,3762740,0,4,89535,22383.8,13888.0,13472,48287,17270.7,"void at::native::reduce_kernel<(int)512, (int)1, at::native::ReduceOp<float, at::native::func_wrapper_t<float, at::native::sum_functor<float, float, float>::operator ()(at::TensorIterator &)::[lambda(float, float) (instance 1)]>, unsigned int, float, (int)4, (int)4>>(T3)"
,,3762740,3762740,0,3,82080,27360.0,27488.0,26912,27680,399.7,"void at::native::<unnamed>::distribution_elementwise_grid_stride_kernel<float, (int)4, void at::native::templates::cuda::normal_and_transform<c10::BFloat16, float, at::CUDAGeneratorImpl *, void at::native::templates::cuda::normal_kernel<at::CUDAGeneratorImpl *>(const at::TensorBase &, double, double, T1)::[lambda() (instance 1)]::operator ()() const::[lambda() (instance 4)]::operator ()() const::[lambda(float) (instance 1)]>(at::TensorIteratorBase &, T3, T4)::[lambda(curandStatePhilox4_32_10 *) (instance 2)], void at::native::<unnamed>::distribution_nullary_kernel<c10::BFloat16, float, float4, at::CUDAGeneratorImpl *, void at::native::templates::cuda::normal_and_transform<c10::BFloat16, float, at::CUDAGeneratorImpl *, void at::native::templates::cuda::normal_kernel<at::CUDAGeneratorImpl *>(const at::TensorBase &, double, double, T1)::[lambda() (instance 1)]::operator ()() const::[lambda() (instance 4)]::operator ()() const::[lambda(float) (instance 1)]>(at::TensorIteratorBase &, T3, T4)::[lambda(curandStatePhilox4_32_10 *) (instance 2)], void at::native::templates::cuda::normal_kernel<at::CUDAGeneratorImpl *>(const at::TensorBase &, double, double, T1)::[lambda() (instance 1)]::operator ()() const::[lambda() (instance 4)]::operator ()() const::[lambda(float) (instance 1)]>(at::TensorIteratorBase &, T4, const T5 &, T6)::[lambda(int, float) (instance 1)]>(long, at::PhiloxCudaState, T3, T4)"
,,3762740,3762740,0,66,68095,1031.7,1024.0,992,1056,15.9,"void <unnamed>::softmax_warp_forward<float, float, float, (int)4, (bool)0, (bool)0>(T2 *, const T1 *, int, int, int, const bool *, int, bool)"
,,3762740,3762740,0,3,4832,1610.7,1600.0,1600,1632,18.5,"void gemmSN_TN_kernel<float, (int)128, (int)16, (int)2, (int)4, (int)4, (int)4, (bool)1, cublasGemvTensorStridedBatched<const float>, cublasGemvTensorStridedBatched<const float>, cublasGemvTensorStridedBatched<float>>(cublasGemmSmallNParams<T9, T10, T11, T1>)"
,,3762740,3762740,0,3,2912,970.7,960.0,960,992,18.5,"void <unnamed>::softmax_warp_forward<float, float, float, (int)2, (bool)0, (bool)0>(T2 *, const T1 *, int, int, int, const bool *, int, bool)"
,,3762740,3762740,0,1,1408,1408.0,1408.0,1408,1408,0.0,"void at::native::unrolled_elementwise_kernel<at::native::CUDAFunctor_add<int>, std::array<char *, (unsigned long)3>, (int)4, TrivialOffsetCalculator<(int)2, unsigned int>, TrivialOffsetCalculator<(int)1, unsigned int>, at::native::memory::LoadWithoutCast, at::native::memory::StoreWithoutCast>(int, T1, T2, T4, T5, T6, T7)"
:attention::cuda_fused::iteration,PushPop,3762740,3762740,10,10,10732068,1073206.8,1013309.0,1012222,1327965,127135.3,"<unnamed>::packed_attention_bf16_kernel(const __nv_bfloat16 *, const __nv_bfloat16 *, const __nv_bfloat16 *, __nv_bfloat16 *, const int *, const int *, long, long, long, long, long, long, long, long, int, int, int, int, float, bool)"
:attention::cuda_fused::measured,PushPop,3762740,3762740,1,10,10732068,1073206.8,1013309.0,1012222,1327965,127135.3,"<unnamed>::packed_attention_bf16_kernel(const __nv_bfloat16 *, const __nv_bfloat16 *, const __nv_bfloat16 *, __nv_bfloat16 *, const int *, const int *, long, long, long, long, long, long, long, long, int, int, int, int, float, bool)"
:attention::torch_math::iteration,PushPop,3762740,3762740,10,4320,10923169,2528.5,2528.0,2272,6080,145.5,"void at::native::unrolled_elementwise_kernel<at::native::direct_copy_kernel_cuda(at::TensorIteratorBase &)::[lambda() (instance 3)]::operator ()() const::[lambda() (instance 7)]::operator ()() const::[lambda(float) (instance 1)], std::array<char *, (unsigned long)2>, (int)4, TrivialOffsetCalculator<(int)1, unsigned int>, TrivialOffsetCalculator<(int)1, unsigned int>, at::native::memory::LoadWithCast<(int)1>, at::native::memory::StoreWithCast<(int)1>>(int, T1, T2, T4, T5, T6, T7)"
:attention::torch_math::iteration,PushPop,3762740,3762740,10,1210,6494802,5367.6,5376.0,5311,6240,34.4,"void magma_sgemmEx_kernel<float, float, float, (bool)0, (bool)0, (int)6, (int)3, (int)5, (int)3, (int)3>(int, int, int, BatchedTensor, int, BatchedTensor, int, BatchedTensor, int, BatchedTensor, int, int, int, const T1 *, const T1 *, T1, T1, int, cublasLtEpilogue_t, int, const void *, long)"
:attention::torch_math::iteration,PushPop,3762740,3762740,10,1210,5555981,4591.7,4576.0,4512,5760,42.4,"void magma_sgemmEx_kernel<float, float, float, (bool)1, (bool)0, (int)6, (int)4, (int)6, (int)3, (int)4>(int, int, int, BatchedTensor, int, BatchedTensor, int, BatchedTensor, int, BatchedTensor, int, int, int, const T1 *, const T1 *, T1, T1, int, cublasLtEpilogue_t, int, const void *, long)"
:attention::torch_math::iteration,PushPop,3762740,3762740,10,2880,2469468,857.5,864.0,800,1024,17.3,"void at::native::vectorized_elementwise_kernel<(int)4, at::native::AUnaryFunctor<float, float, float, at::native::binary_internal::MulFunctor<float>>, std::array<char *, (unsigned long)2>>(int, T2, T3)"
:attention::torch_math::iteration,PushPop,3762740,3762740,10,2880,2425532,842.2,832.0,800,6048,99.1,"void at::native::vectorized_elementwise_kernel<(int)4, at::native::bfloat16_copy_kernel_cuda(at::TensorIteratorBase &)::[lambda(float) (instance 1)], std::array<char *, (unsigned long)2>>(int, T2, T3)"
:attention::torch_math::iteration,PushPop,3762740,3762740,10,1440,2421942,1681.9,1696.0,1536,1856,33.4,"void at::native::elementwise_kernel<(int)128, (int)4, void at::native::gpu_kernel_impl_nocast<at::native::direct_copy_kernel_cuda(at::TensorIteratorBase &)::[lambda() (instance 3)]::operator ()() const::[lambda() (instance 12)]::operator ()() const::[lambda(c10::BFloat16) (instance 1)]>(at::TensorIteratorBase &, const T1 &)::[lambda(int) (instance 1)]>(int, T3)"
:attention::torch_math::iteration,PushPop,3762740,3762740,10,1440,2405753,1670.7,1696.0,1376,1984,69.2,"void at::native::reduce_kernel<(int)512, (int)1, at::native::ReduceOp<bool, at::native::func_wrapper_t<bool, at::native::and_kernel_cuda(at::TensorIterator &)::[lambda() (instance 1)]::operator ()() const::[lambda() (instance 12)]::operator ()() const::[lambda(bool, bool) (instance 1)]>, unsigned int, bool, (int)4, (int)4>>(T3)"
:attention::torch_math::iteration,PushPop,3762740,3762740,10,1440,1890234,1312.7,1312.0,1248,5472,112.7,"void at::native::elementwise_kernel<(int)128, (int)2, void at::native::gpu_kernel_impl_nocast<at::native::<unnamed>::where_kernel_impl(at::TensorIterator &)::[lambda() (instance 1)]::operator ()() const::[lambda() (instance 11)]::operator ()() const::[lambda(bool, float, float) (instance 1)]>(at::TensorIteratorBase &, const T1 &)::[lambda(int) (instance 1)]>(int, T3)"
:attention::torch_math::iteration,PushPop,3762740,3762740,10,1210,1358910,1123.1,1120.0,1088,5568,129.0,"void <unnamed>::softmax_warp_forward<float, float, float, (int)6, (bool)0, (bool)0>(T2 *, const T1 *, int, int, int, const bool *, int, bool)"
:attention::torch_math::iteration,PushPop,3762740,3762740,10,1440,1229338,853.7,864.0,800,5440,122.3,"void at::native::vectorized_elementwise_kernel<(int)4, at::native::<unnamed>::isneginf_kernel_impl(at::TensorIteratorBase &)::[lambda() (instance 1)]::operator ()() const::[lambda() (instance 2)]::operator ()() const::[lambda(float) (instance 1)], std::array<char *, (unsigned long)2>>(int, T2, T3)"
:attention::torch_math::iteration,PushPop,3762740,3762740,10,1440,1107133,768.8,768.0,736,864,16.9,"void at::native::vectorized_elementwise_kernel<(int)4, at::native::FillFunctor<float>, std::array<char *, (unsigned long)1>>(int, T2, T3)"
:attention::torch_math::iteration,PushPop,3762740,3762740,10,230,418783,1820.8,1856.0,1280,2080,112.9,"void gemmSN_NN_kernel<float, (int)256, (int)4, (int)2, (int)8, (int)4, (int)4, (bool)0, cublasGemvTensorStridedBatched<const float>, cublasGemvTensorStridedBatched<const float>, cublasGemvTensorStridedBatched<float>>(cublasGemmSmallNParams<T9, T10, T11, T1>)"
:attention::torch_math::iteration,PushPop,3762740,3762740,10,220,377981,1718.1,1728.0,1663,1760,21.5,"void gemmSN_TN_kernel<float, (int)128, (int)16, (int)2, (int)4, (int)8, (int)9, (bool)0, cublasGemvTensorStridedBatched<const float>, cublasGemvTensorStridedBatched<const float>, cublasGemvTensorStridedBatched<float>>(cublasGemmSmallNParams<T9, T10, T11, T1>)"
:attention::torch_math::iteration,PushPop,3762740,3762740,10,220,226271,1028.5,1024.0,992,1056,15.4,"void <unnamed>::softmax_warp_forward<float, float, float, (int)4, (bool)0, (bool)0>(T2 *, const T1 *, int, int, int, const bool *, int, bool)"
:attention::torch_math::iteration,PushPop,3762740,3762740,10,10,16096,1609.6,1600.0,1600,1632,15.5,"void gemmSN_TN_kernel<float, (int)128, (int)16, (int)2, (int)4, (int)4, (int)4, (bool)1, cublasGemvTensorStridedBatched<const float>, cublasGemvTensorStridedBatched<const float>, cublasGemvTensorStridedBatched<float>>(cublasGemmSmallNParams<T9, T10, T11, T1>)"
:attention::torch_math::iteration,PushPop,3762740,3762740,10,10,9728,972.8,960.0,960,992,16.5,"void <unnamed>::softmax_warp_forward<float, float, float, (int)2, (bool)0, (bool)0>(T2 *, const T1 *, int, int, int, const bool *, int, bool)"
:attention::torch_math::measured,PushPop,3762740,3762740,1,4320,10923169,2528.5,2528.0,2272,6080,145.5,"void at::native::unrolled_elementwise_kernel<at::native::direct_copy_kernel_cuda(at::TensorIteratorBase &)::[lambda() (instance 3)]::operator ()() const::[lambda() (instance 7)]::operator ()() const::[lambda(float) (instance 1)], std::array<char *, (unsigned long)2>, (int)4, TrivialOffsetCalculator<(int)1, unsigned int>, TrivialOffsetCalculator<(int)1, unsigned int>, at::native::memory::LoadWithCast<(int)1>, at::native::memory::StoreWithCast<(int)1>>(int, T1, T2, T4, T5, T6, T7)"
:attention::torch_math::measured,PushPop,3762740,3762740,1,1210,6494802,5367.6,5376.0,5311,6240,34.4,"void magma_sgemmEx_kernel<float, float, float, (bool)0, (bool)0, (int)6, (int)3, (int)5, (int)3, (int)3>(int, int, int, BatchedTensor, int, BatchedTensor, int, BatchedTensor, int, BatchedTensor, int, int, int, const T1 *, const T1 *, T1, T1, int, cublasLtEpilogue_t, int, const void *, long)"
:attention::torch_math::measured,PushPop,3762740,3762740,1,1210,5555981,4591.7,4576.0,4512,5760,42.4,"void magma_sgemmEx_kernel<float, float, float, (bool)1, (bool)0, (int)6, (int)4, (int)6, (int)3, (int)4>(int, int, int, BatchedTensor, int, BatchedTensor, int, BatchedTensor, int, BatchedTensor, int, int, int, const T1 *, const T1 *, T1, T1, int, cublasLtEpilogue_t, int, const void *, long)"
:attention::torch_math::measured,PushPop,3762740,3762740,1,2880,2469468,857.5,864.0,800,1024,17.3,"void at::native::vectorized_elementwise_kernel<(int)4, at::native::AUnaryFunctor<float, float, float, at::native::binary_internal::MulFunctor<float>>, std::array<char *, (unsigned long)2>>(int, T2, T3)"
:attention::torch_math::measured,PushPop,3762740,3762740,1,2880,2425532,842.2,832.0,800,6048,99.1,"void at::native::vectorized_elementwise_kernel<(int)4, at::native::bfloat16_copy_kernel_cuda(at::TensorIteratorBase &)::[lambda(float) (instance 1)], std::array<char *, (unsigned long)2>>(int, T2, T3)"
:attention::torch_math::measured,PushPop,3762740,3762740,1,1440,2421942,1681.9,1696.0,1536,1856,33.4,"void at::native::elementwise_kernel<(int)128, (int)4, void at::native::gpu_kernel_impl_nocast<at::native::direct_copy_kernel_cuda(at::TensorIteratorBase &)::[lambda() (instance 3)]::operator ()() const::[lambda() (instance 12)]::operator ()() const::[lambda(c10::BFloat16) (instance 1)]>(at::TensorIteratorBase &, const T1 &)::[lambda(int) (instance 1)]>(int, T3)"
:attention::torch_math::measured,PushPop,3762740,3762740,1,1440,2405753,1670.7,1696.0,1376,1984,69.2,"void at::native::reduce_kernel<(int)512, (int)1, at::native::ReduceOp<bool, at::native::func_wrapper_t<bool, at::native::and_kernel_cuda(at::TensorIterator &)::[lambda() (instance 1)]::operator ()() const::[lambda() (instance 12)]::operator ()() const::[lambda(bool, bool) (instance 1)]>, unsigned int, bool, (int)4, (int)4>>(T3)"
:attention::torch_math::measured,PushPop,3762740,3762740,1,1440,1890234,1312.7,1312.0,1248,5472,112.7,"void at::native::elementwise_kernel<(int)128, (int)2, void at::native::gpu_kernel_impl_nocast<at::native::<unnamed>::where_kernel_impl(at::TensorIterator &)::[lambda() (instance 1)]::operator ()() const::[lambda() (instance 11)]::operator ()() const::[lambda(bool, float, float) (instance 1)]>(at::TensorIteratorBase &, const T1 &)::[lambda(int) (instance 1)]>(int, T3)"
:attention::torch_math::measured,PushPop,3762740,3762740,1,1210,1358910,1123.1,1120.0,1088,5568,129.0,"void <unnamed>::softmax_warp_forward<float, float, float, (int)6, (bool)0, (bool)0>(T2 *, const T1 *, int, int, int, const bool *, int, bool)"
:attention::torch_math::measured,PushPop,3762740,3762740,1,1440,1229338,853.7,864.0,800,5440,122.3,"void at::native::vectorized_elementwise_kernel<(int)4, at::native::<unnamed>::isneginf_kernel_impl(at::TensorIteratorBase &)::[lambda() (instance 1)]::operator ()() const::[lambda() (instance 2)]::operator ()() const::[lambda(float) (instance 1)], std::array<char *, (unsigned long)2>>(int, T2, T3)"
:attention::torch_math::measured,PushPop,3762740,3762740,1,1440,1107133,768.8,768.0,736,864,16.9,"void at::native::vectorized_elementwise_kernel<(int)4, at::native::FillFunctor<float>, std::array<char *, (unsigned long)1>>(int, T2, T3)"
:attention::torch_math::measured,PushPop,3762740,3762740,1,230,418783,1820.8,1856.0,1280,2080,112.9,"void gemmSN_NN_kernel<float, (int)256, (int)4, (int)2, (int)8, (int)4, (int)4, (bool)0, cublasGemvTensorStridedBatched<const float>, cublasGemvTensorStridedBatched<const float>, cublasGemvTensorStridedBatched<float>>(cublasGemmSmallNParams<T9, T10, T11, T1>)"
:attention::torch_math::measured,PushPop,3762740,3762740,1,220,377981,1718.1,1728.0,1663,1760,21.5,"void gemmSN_TN_kernel<float, (int)128, (int)16, (int)2, (int)4, (int)8, (int)9, (bool)0, cublasGemvTensorStridedBatched<const float>, cublasGemvTensorStridedBatched<const float>, cublasGemvTensorStridedBatched<float>>(cublasGemmSmallNParams<T9, T10, T11, T1>)"
:attention::torch_math::measured,PushPop,3762740,3762740,1,220,226271,1028.5,1024.0,992,1056,15.4,"void <unnamed>::softmax_warp_forward<float, float, float, (int)4, (bool)0, (bool)0>(T2 *, const T1 *, int, int, int, const bool *, int, bool)"
:attention::torch_math::measured,PushPop,3762740,3762740,1,10,16096,1609.6,1600.0,1600,1632,15.5,"void gemmSN_TN_kernel<float, (int)128, (int)16, (int)2, (int)4, (int)4, (int)4, (bool)1, cublasGemvTensorStridedBatched<const float>, cublasGemvTensorStridedBatched<const float>, cublasGemvTensorStridedBatched<float>>(cublasGemmSmallNParams<T9, T10, T11, T1>)"
:attention::torch_math::measured,PushPop,3762740,3762740,1,10,9728,972.8,960.0,960,992,16.5,"void <unnamed>::softmax_warp_forward<float, float, float, (int)2, (bool)0, (bool)0>(T2 *, const T1 *, int, int, int, const bool *, int, bool)"
:attention::torch_sdpa::iteration,PushPop,3762740,3762740,10,1440,7081265,4917.5,4928.0,4383,5600,227.3,"void pytorch_flash::flash_fwd_kernel<Flash_fwd_kernel_traits<(int)96, (int)128, (int)64, (int)4, (bool)0, (bool)0, cutlass::bfloat16_t, Flash_kernel_traits<(int)96, (int)128, (int)64, (int)4, cutlass::bfloat16_t>>, (bool)0, (bool)0, (bool)0, (bool)0, (bool)0, (bool)0, (bool)0, (bool)0>(pytorch_flash::Flash_fwd_params)"
:attention::torch_sdpa::measured,PushPop,3762740,3762740,1,1440,7081265,4917.5,4928.0,4383,5600,227.3,"void pytorch_flash::flash_fwd_kernel<Flash_fwd_kernel_traits<(int)96, (int)128, (int)64, (int)4, (bool)0, (bool)0, cutlass::bfloat16_t, Flash_kernel_traits<(int)96, (int)128, (int)64, (int)4, cutlass::bfloat16_t>>, (bool)0, (bool)0, (bool)0, (bool)0, (bool)0, (bool)0, (bool)0, (bool)0>(pytorch_flash::Flash_fwd_params)"
:attention::triton::iteration,PushPop,3762740,3762740,10,10,920253,92025.3,92079.5,90592,92991,719.8,_packed_attention_forward_kernel
:attention::triton::measured,PushPop,3762740,3762740,1,10,920253,92025.3,92079.5,90592,92991,719.8,_packed_attention_forward_kernel
